<?xml version="1.0" encoding="UTF-8"?>
<root><WatchPoint><id>4</id><name>jason@curlymedia.com</name></WatchPoint><Watcher><watcher_id>3</watcher_id><types><Approval><watchpoint><WP4>jason@curlymedia.com</WP4></watchpoint><contact>ddrake@dreamingmind.com</contact></Approval><Notify><watchpoint><WP4>jason@curlymedia.com</WP4></watchpoint><contact>ddrake@dreamingmind.com</contact></Notify></types></Watcher><Message><order><id>5542501b-9140-4e70-ac96-488d47139427</id><order_number>1504-AAGE</order_number><status>Submitted</status><first_name>Jason</first_name><last_name>Tempestini</last_name><user_id>4</user_id><billing_company>Sad New Vistas in Testing</billing_company><order_item_count>1</order_item_count><total>10.88</total><user_customer_id>46</user_customer_id><backorder_id/><note/><order_reference/></order></Message></root>
