<?xml version="1.0" encoding="UTF-8"?>
<root><WatchPoint><id>46</id><name>Sad New Vistas in Testing</name></WatchPoint><Watcher><watcher_id>4</watcher_id><types><Approval><watchpoint><WP46>Sad New Vistas in Testing</WP46></watchpoint><contact>jason@curlymedia.com</contact></Approval><Notify><watchpoint><WP46>Sad New Vistas in Testing</WP46></watchpoint><contact>jason@curlymedia.com</contact></Notify></types></Watcher><Watcher><watcher_id>3</watcher_id><types><Notify><watchpoint><WP46>Sad New Vistas in Testing</WP46></watchpoint><contact>ddrake@dreamingmind.com</contact></Notify></types></Watcher><Message><order><id>545ab3de-d118-486c-95b3-04a247139427</id><order_number>1411-AAFM</order_number><status>Pulled</status><first_name>Jason</first_name><last_name>Tempestini</last_name><user_id>4</user_id><billing_company>Sad New Vistas in Testing</billing_company><order_item_count>3</order_item_count><total>4893.75</total><user_customer_id>46</user_customer_id><backorder_id/><note/><order_reference/></order></Message></root>
