<?xml version="1.0" encoding="UTF-8"?>
<root><WatchPoint><id>4</id><name>jason@curlymedia.com</name></WatchPoint><Watcher><watcher_id>4</watcher_id><types><Notify><watchpoint><WP4>jason@curlymedia.com</WP4></watchpoint><contact>jason@curlymedia.com</contact></Notify></types></Watcher><Message><order><id>545ab3de-d118-486c-95b3-04a247139427</id><order_number>1411-AAFM</order_number><status>Pulled</status><first_name>Jason</first_name><last_name>Tempestini</last_name><user_id>4</user_id><billing_company>Sad New Vistas in Testing</billing_company><order_item_count>3</order_item_count><total>4893.75</total><user_customer_id>46</user_customer_id><backorder_id/><note/><order_reference/></order></Message></root>
